INSERT INTO FUNCIONARIO(CPF, NOME, TELEFONE, CARGO, SALARIO) VALUES ('400.560.298-61', 'ROBERTO SILVA', '(11) 6330-9391', 'ESCUTA', 1000);
INSERT INTO FUNCIONARIO(CPF, NOME, TELEFONE, CARGO, SALARIO) VALUES ('535.409.459-38', 'CARLOS TEIXEIRA DUCATI', '(61) 8926-1033', 'ESCUTA', 1000);
INSERT INTO FUNCIONARIO(CPF, NOME, TELEFONE, CARGO, SALARIO) VALUES ('400.200.299-61', 'VALERIA SILVA DUCATI', '(11) 93389-0598', 'PRODUTOR', 1500);
INSERT INTO FUNCIONARIO(CPF, NOME, TELEFONE, CARGO, SALARIO) VALUES ('856.947.987-59', 'GIOVANA TEIXEIRA AMARAL', '(11) 8346-2069', 'PRODUTOR', 1500);
INSERT INTO FUNCIONARIO(CPF, NOME, TELEFONE, CARGO, SALARIO) VALUES ('200.200.251-31', 'LUCIA VENEZA FILHO', '(11) 91674-2086', 'REDATOR', 1000);
INSERT INTO FUNCIONARIO(CPF, NOME, TELEFONE, CARGO, SALARIO) VALUES ('759.791.956-53', 'LARA GOMES TEIXEIRA', '(61) 4191-6406', 'REDATOR', 1000);
INSERT INTO FUNCIONARIO(CPF, NOME, TELEFONE, CARGO, SALARIO) VALUES ('100.200.536-61', 'MARCO FILHO DOS SANTOS', '(11) 4442-1008', 'EDITOR', 1000);
INSERT INTO FUNCIONARIO(CPF, NOME, TELEFONE, CARGO, SALARIO) VALUES ('078.677.946-20', 'RAFAELA GOMES AMARAL', '(71) 8886-3405', 'EDITOR', 1000);

INSERT INTO FUNCIONARIO(CPF, NOME, TELEFONE, CARGO, SALARIO) VALUES ('955.437.188-88', 'PEDRO TEIXEIRA DUCATI', '(61) 93148-4283', 'AGENTE', 800);
INSERT INTO FUNCIONARIO(CPF, NOME, TELEFONE, CARGO, SALARIO) VALUES ('153.799.772-60', 'MATHEUS AMARAL DUCATI', '(61) 6157-7593', 'AGENTE', 800);
INSERT INTO FUNCIONARIO(CPF, NOME, TELEFONE, CARGO, SALARIO) VALUES ('172.230.383-22', 'HEITOR TEIXEIRA DUCATI', '(31) 4324-6834', 'AGENTE', 800);
INSERT INTO FUNCIONARIO(CPF, NOME, TELEFONE, CARGO, SALARIO) VALUES ('759.544.437-34', 'BERNARDO MACHADO', '(31) 91858-1721', 'AGENTE', 800);
INSERT INTO FUNCIONARIO(CPF, NOME, TELEFONE, CARGO, SALARIO) VALUES ('875.325.819-34', 'MATHEUS GOMES AMARAL', '(11) 4881-8774', 'AGENTE', 800);
INSERT INTO FUNCIONARIO(CPF, NOME, TELEFONE, CARGO, SALARIO) VALUES ('062.902.088-45', 'MATHEUS AMARAL TEIXEIRA', '(11) 95220-0745', 'AGENTE', 800);
INSERT INTO FUNCIONARIO(CPF, NOME, TELEFONE, CARGO, SALARIO) VALUES ('574.306.643-42', 'LUCAS GOMES TEIXEIRA', '(71) 3456-5929', 'AGENTE', 800);
INSERT INTO FUNCIONARIO(CPF, NOME, TELEFONE, CARGO, SALARIO) VALUES ('935.244.409-40', 'DAVI GOMES TEIXEIRA', '(71) 97575-0185', 'AGENTE', 800);

INSERT INTO AGENTE(CPF, TIPO, SALARIOEXTRA) VALUES ('955.437.188-88', 'APRESENTADOR', 500);
INSERT INTO AGENTE(CPF, TIPO, SALARIOEXTRA) VALUES ('153.799.772-60', 'CAMERAMAN_C', NULL);
INSERT INTO AGENTE(CPF, TIPO, SALARIOEXTRA) VALUES ('172.230.383-22', 'CAMERAMAN_E', 500);
INSERT INTO AGENTE(CPF, TIPO, SALARIOEXTRA) VALUES ('759.544.437-34', 'AUXILIAR_C', NULL);
INSERT INTO AGENTE(CPF, TIPO, SALARIOEXTRA) VALUES ('875.325.819-34', 'AUXILIAR_E', NULL);
INSERT INTO AGENTE(CPF, TIPO, SALARIOEXTRA) VALUES ('062.902.088-45', 'REPORTER', 500);
INSERT INTO AGENTE(CPF, TIPO, SALARIOEXTRA) VALUES ('574.306.643-42', 'REPORTER', NULL);
INSERT INTO AGENTE(CPF, TIPO, SALARIOEXTRA) VALUES ('935.244.409-40', 'MOTORISTA', 100);

INSERT INTO ACONTECIMENTO(NOME, DATA, HORA, DESCRICAO, MEMBROEQUIPEESCUTA) VALUES ('Universitário da UFSCar é flagrado pichando muro', TO_DATE('2019/06/05', 'YYYY/MM/DD'), '12:00:00', 'Foi um ato de amor. Mas em um local impróprio. O universitário J.P., 19 anos, foi flagrado na manha desta quinta-feira, 6, pichando um dos muros do Cemitério Nossa Senhora do Carmo, na Avenida Salgado Filho. Emotivo e inspirado, J.P. fazia uma dedicatória a uma suposta amada, com a frase “Eu amo você, menina”. Mesmo romântico, o universitário foi detido pelo cabo Villar e Soldado Jesus.', '535.409.459-38');
INSERT INTO ACONTECIMENTO(NOME, DATA, HORA, DESCRICAO, MEMBROEQUIPEESCUTA) VALUES ('Ladrão assalta comerciante e leva R$200', TO_DATE('2019/06/06', 'YYYY/MM/DD'), '16:00:00', 'Um comerciante de 32 anos foi vítima de um assalto por volta das 18h30 desta quarta-feira, 5, na Avenida Ayrton Salvador Leopoldino Júnior, no Conjunto Habitacional Waldomiro Lobbe Sobrinho.', '400.560.298-61');
INSERT INTO ACONTECIMENTO(NOME, DATA, HORA, DESCRICAO, MEMBROEQUIPEESCUTA) VALUES ('Mobi capota após colisão no Centro', TO_DATE('1995/09/02', 'YYYY/MM/DD'), '16:00:00', 'Segundo informações obtidas pela reportagem do jornal São Carlos Agora, o Fiat Mobi seguia pela rua Jesuino de Arruda e no cruzamento com a rua Dom Pedro II ultrapassou o sinal de pare, sendo atingido por uma picape Saveiro que transitava pela preferencial.', '400.560.298-61');
INSERT INTO ACONTECIMENTO(NOME, DATA, HORA, DESCRICAO, MEMBROEQUIPEESCUTA) VALUES ('Aposentado fica 2h30 na fila de banco em Sao Carlos', TO_DATE('2019/01/02', 'YYYY/MM/DD'), '18:00:00', 'Um aposentado de 64 anos ganhou uma ação por danos morais na Justiça após ficar por 2h30 em uma fila de espera em uma agência bancária do banco Mercantil, responsável pela maioria dos benefícios fornecidos pelo INSS. O prédio fica no centro de São Carlos.', '400.560.298-61');
INSERT INTO ACONTECIMENTO(NOME, DATA, HORA, DESCRICAO, MEMBROEQUIPEESCUTA) VALUES ('Assalto no Bela Vista', TO_DATE('2018/09/20', 'YYYY/MM/DD'), '09:30:00', 'A família moradora da rua Marcolino Lima Machado ausentou-se de casa no período da tarde e quando retornou, encontrou a residência toda bagunçada e várias portas arrombadas, constatando o furto de roupas, bijuterias, eletrônicos e uma quantia em dinheiro.', '535.409.459-38');
INSERT INTO ACONTECIMENTO(NOME, DATA, HORA, DESCRICAO, MEMBROEQUIPEESCUTA) VALUES ('GM detém jovem no Aracy 2', TO_DATE('2018/05/11', 'YYYY/MM/DD'), '10:00:00', 'Um jovem de 25 anos foi detido após ser flagrado com entorpecentes nesta noite de quarta-feira (05), no Cidade Aracy 2. Uma guarnição da Guarda Municipal estava em patrulhamento pela avenida Arnold de Almeida Pires quando avistou I.J.R.S. em atitude suspeita e o abordou, localizando em seu poder 9 porções de maconha, 3 pinos de cocaína e R$ 49,00.', '535.409.459-38');

INSERT INTO NOTICIA(TITULO, DATA, CATEGORIA, DESCRICAO, NOMEACONT, DATAACONT, REDATOR, PRODUTOR) VALUES ('Durante declaração de amor, universitário da UFSCar é flagrado pichando muro', TO_DATE('2019/06/05', 'YYYY/MM/DD'), 'VANDALISMO', 'Foi um ato de amor. Mas em um local impróprio. O universitário J.P., 19 anos, foi flagrado na manha desta quinta-feira, 6, pichando um dos muros do Cemitério Nossa Senhora do Carmo, na Avenida Salgado Filho. Emotivo e inspirado, J.P. fazia uma dedicatória a uma suposta amada, com a frase “Eu amo você, menina”. Mesmo romântico, o universitário foi detido pelo cabo Villar e Soldado Jesus.', 'Universitário da UFSCar é flagrado pichando muro', TO_DATE('2019/06/05', 'YYYY/MM/DD'), '200.200.251-31', '856.947.987-59');
INSERT INTO NOTICIA(TITULO, DATA, CATEGORIA, DESCRICAO, NOMEACONT, DATAACONT, REDATOR, PRODUTOR) VALUES ('Aposentado fica 2h30 na fila de banco em São Carlos, entra na Justiça e ganha causa por danos morais', TO_DATE('2019/01/02', 'YYYY/MM/DD'), 'SERVIÇOS PÚBLICOS', 'Um aposentado de 64 anos ganhou uma ação por danos morais na Justiça após ficar por 2h30 em uma fila de espera em uma agência bancária do banco Mercantil, responsável pela maioria dos benefícios fornecidos pelo INSS. O prédio fica no centro de São Carlos.', 'Aposentado fica 2h30 na fila de banco em Sao Carlos', TO_DATE('2019/01/02', 'YYYY/MM/DD'), '759.791.956-53', '856.947.987-59');
INSERT INTO NOTICIA(TITULO, DATA, CATEGORIA, DESCRICAO, NOMEACONT, DATAACONT, REDATOR, PRODUTOR) VALUES ('GM detém jovem com drogas no Aracy 2', TO_DATE('2018/05/11', 'YYYY/MM/DD'),'DROGAS', 'Um jovem de 25 anos foi detido após ser flagrado com entorpecentes nesta noite de quarta-feira (05), no Cidade Aracy 2. Uma guarnição da Guarda Municipal estava em patrulhamento pela avenida Arnold de Almeida Pires quando avistou I.J.R.S. em atitude suspeita e o abordou, localizando em seu poder 9 porções de maconha, 3 pinos de cocaína e R$ 49,00.', 'GM detém jovem no Aracy 2', TO_DATE('2018/05/11', 'YYYY/MM/DD'),'200.200.251-31', '400.200.299-61');
INSERT INTO NOTICIA(TITULO, DATA, CATEGORIA, DESCRICAO, NOMEACONT, DATAACONT, REDATOR, PRODUTOR) VALUES ('Bandidos "limpam" residência no Bela Vista', TO_DATE('2017/09/20', 'YYYY/MM/DD'), 'ROUBO', 'A família moradora da rua Marcolino Lima Machado ausentou-se de casa no período da tarde e quando retornou, encontrou a residência toda bagunçada e várias portas arrombadas, constatando o furto de roupas, bijuterias, eletrônicos e uma quantia em dinheiro.', 'Assalto no Bela Vista', TO_DATE('2018/09/20', 'YYYY/MM/DD'), '200.200.251-31','856.947.987-59' );

INSERT INTO FILMAGEMBRUTA(TITULONOTICIA, DATANOTICIA, NROFILMAGEM, DURACAOINICIAL) VALUES ('Durante declaração de amor, universitário da UFSCar é flagrado pichando muro', TO_DATE('2019/06/05', 'YYYY/MM/DD'), 1, 48);
INSERT INTO FILMAGEMBRUTA(TITULONOTICIA, DATANOTICIA, NROFILMAGEM, DURACAOINICIAL) VALUES ('Durante declaração de amor, universitário da UFSCar é flagrado pichando muro', TO_DATE('2019/06/05', 'YYYY/MM/DD'), 2, 10);
INSERT INTO FILMAGEMBRUTA(TITULONOTICIA, DATANOTICIA, NROFILMAGEM, DURACAOINICIAL) VALUES ('Durante declaração de amor, universitário da UFSCar é flagrado pichando muro', TO_DATE('2019/06/05', 'YYYY/MM/DD'), 3, 20);
INSERT INTO FILMAGEMBRUTA(TITULONOTICIA, DATANOTICIA, NROFILMAGEM, DURACAOINICIAL) VALUES ('Aposentado fica 2h30 na fila de banco em São Carlos, entra na Justiça e ganha causa por danos morais', TO_DATE('2019/01/02', 'YYYY/MM/DD'), 1, 10);
INSERT INTO FILMAGEMBRUTA(TITULONOTICIA, DATANOTICIA, NROFILMAGEM, DURACAOINICIAL) VALUES ('Aposentado fica 2h30 na fila de banco em São Carlos, entra na Justiça e ganha causa por danos morais', TO_DATE('2019/01/02', 'YYYY/MM/DD'), 2, 20);
INSERT INTO FILMAGEMBRUTA(TITULONOTICIA, DATANOTICIA, NROFILMAGEM, DURACAOINICIAL) VALUES ('GM detém jovem com drogas no Aracy 2', TO_DATE('2018/05/11', 'YYYY/MM/DD'), 1, NULL);
INSERT INTO FILMAGEMBRUTA(TITULONOTICIA, DATANOTICIA, NROFILMAGEM, DURACAOINICIAL) VALUES ('Bandidos "limpam" residência no Bela Vista', TO_DATE('2017/09/20', 'YYYY/MM/DD'),1, 11);
INSERT INTO FILMAGEMBRUTA(TITULONOTICIA, DATANOTICIA, NROFILMAGEM, DURACAOINICIAL) VALUES ('Bandidos "limpam" residência no Bela Vista', TO_DATE('2017/09/20', 'YYYY/MM/DD'),2, NULL);

INSERT INTO EQUIPESDECAMPO(FILMBRUTA, AGENTECAMPO) VALUES (1,'935.244.409-40');
INSERT INTO EQUIPESDECAMPO(FILMBRUTA, AGENTECAMPO) VALUES (1,'062.902.088-45');
INSERT INTO EQUIPESDECAMPO(FILMBRUTA, AGENTECAMPO) VALUES (1,'153.799.772-60');
INSERT INTO EQUIPESDECAMPO(FILMBRUTA, AGENTECAMPO) VALUES (2,'935.244.409-40');
INSERT INTO EQUIPESDECAMPO(FILMBRUTA, AGENTECAMPO) VALUES (2,'062.902.088-45');
INSERT INTO EQUIPESDECAMPO(FILMBRUTA, AGENTECAMPO) VALUES (2,'153.799.772-60');
INSERT INTO EQUIPESDECAMPO(FILMBRUTA, AGENTECAMPO) VALUES (3,'935.244.409-40');
INSERT INTO EQUIPESDECAMPO(FILMBRUTA, AGENTECAMPO) VALUES (3,'153.799.772-60');
INSERT INTO EQUIPESDECAMPO(FILMBRUTA, AGENTECAMPO) VALUES (4,'935.244.409-40');
INSERT INTO EQUIPESDECAMPO(FILMBRUTA, AGENTECAMPO) VALUES (4,'153.799.772-60');
INSERT INTO EQUIPESDECAMPO(FILMBRUTA, AGENTECAMPO) VALUES (6,'935.244.409-40');
INSERT INTO EQUIPESDECAMPO(FILMBRUTA, AGENTECAMPO) VALUES (6,'153.799.772-60');
INSERT INTO EQUIPESDECAMPO(FILMBRUTA, AGENTECAMPO) VALUES (6,'062.902.088-45');
INSERT INTO EQUIPESDECAMPO(FILMBRUTA, AGENTECAMPO) VALUES (7,'153.799.772-60');
INSERT INTO EQUIPESDECAMPO(FILMBRUTA, AGENTECAMPO) VALUES (7,'062.902.088-45');

INSERT INTO FILMAGEMEDITADA(FILMBRUTA, NROEDICAO, DURACAOFINAL, EDITOR) VALUES (1, 1, 5, '100.200.536-61');
INSERT INTO FILMAGEMEDITADA(FILMBRUTA, NROEDICAO, DURACAOFINAL, EDITOR) VALUES (1, 2, 3, '100.200.536-61');
INSERT INTO FILMAGEMEDITADA(FILMBRUTA, NROEDICAO, DURACAOFINAL, EDITOR) VALUES (2, 1, 3, '100.200.536-61');
INSERT INTO FILMAGEMEDITADA(FILMBRUTA, NROEDICAO, DURACAOFINAL, EDITOR) VALUES (6, 1, 10, '078.677.946-20');
INSERT INTO FILMAGEMEDITADA(FILMBRUTA, NROEDICAO, DURACAOFINAL, EDITOR) VALUES (7, 1, 2, '078.677.946-20');
INSERT INTO FILMAGEMEDITADA(FILMBRUTA, NROEDICAO, DURACAOFINAL, EDITOR) VALUES (7, 2, 1, '100.200.536-61');

INSERT INTO EPISODIO(DATA, DURACAO) VALUES (TO_DATE('2019/06/07', 'YYYY/MM/DD'), 30);
INSERT INTO EPISODIO(DATA, DURACAO) VALUES (TO_DATE('2019/06/08', 'YYYY/MM/DD'), 30);
INSERT INTO EPISODIO(DATA, DURACAO) VALUES (TO_DATE('2019/06/09', 'YYYY/MM/DD'), 30);
INSERT INTO EPISODIO(DATA, DURACAO) VALUES (TO_DATE('2019/06/10', 'YYYY/MM/DD'), 30);

INSERT INTO BLOCO(EPISODIO, NROBLOCO) VALUES (TO_DATE('2019/06/07', 'YYYY/MM/DD'), 1);
INSERT INTO BLOCO(EPISODIO, NROBLOCO) VALUES (TO_DATE('2019/06/07', 'YYYY/MM/DD'), 2);
INSERT INTO BLOCO(EPISODIO, NROBLOCO) VALUES (TO_DATE('2019/06/08', 'YYYY/MM/DD'), 1);
INSERT INTO BLOCO(EPISODIO, NROBLOCO) VALUES (TO_DATE('2019/06/08', 'YYYY/MM/DD'), 2);
INSERT INTO BLOCO(EPISODIO, NROBLOCO) VALUES (TO_DATE('2019/06/09', 'YYYY/MM/DD'), 1);
INSERT INTO BLOCO(EPISODIO, NROBLOCO) VALUES (TO_DATE('2019/06/09', 'YYYY/MM/DD'), 2);
INSERT INTO BLOCO(EPISODIO, NROBLOCO) VALUES (TO_DATE('2019/06/10', 'YYYY/MM/DD'), 1);
INSERT INTO BLOCO(EPISODIO, NROBLOCO) VALUES (TO_DATE('2019/06/10', 'YYYY/MM/DD'), 2);
INSERT INTO BLOCO(EPISODIO, NROBLOCO) VALUES (TO_DATE('2019/06/10', 'YYYY/MM/DD'), 3);
INSERT INTO BLOCO(EPISODIO, NROBLOCO) VALUES (TO_DATE('2019/06/10', 'YYYY/MM/DD'), 4);

INSERT INTO PERTENCE(EPISODIO, NROBLOCO, FILMEDITADA, NROEDIC, HORA) VALUES (TO_DATE('2019/06/07', 'YYYY/MM/DD'), 1, 1, 2, '19:00:00');
INSERT INTO PERTENCE(EPISODIO, NROBLOCO, FILMEDITADA, NROEDIC, HORA) VALUES (TO_DATE('2019/06/07', 'YYYY/MM/DD'), 1, 2, 1, '19:05:00');
INSERT INTO PERTENCE(EPISODIO, NROBLOCO, FILMEDITADA, NROEDIC, HORA) VALUES (TO_DATE('2019/06/07', 'YYYY/MM/DD'), 2, 1, 1, '19:09:00');
INSERT INTO PERTENCE(EPISODIO, NROBLOCO, FILMEDITADA, NROEDIC, HORA) VALUES (TO_DATE('2019/06/08', 'YYYY/MM/DD'), 1, 6, 1, '19:00:00');
INSERT INTO PERTENCE(EPISODIO, NROBLOCO, FILMEDITADA, NROEDIC, HORA) VALUES (TO_DATE('2019/06/08', 'YYYY/MM/DD'), 2, 7, 2, '19:11:00');

INSERT INTO AUDIENCIA(DATA, HORARIO, IBOPE) VALUES (TO_DATE('2019/06/07', 'YYYY/MM/DD'), '19:00:00', 5.1);
INSERT INTO AUDIENCIA(DATA, HORARIO, IBOPE) VALUES (TO_DATE('2019/06/07', 'YYYY/MM/DD'), '19:01:00', 5.3);
INSERT INTO AUDIENCIA(DATA, HORARIO, IBOPE) VALUES (TO_DATE('2019/06/07', 'YYYY/MM/DD'), '19:02:00', 5.4);
INSERT INTO AUDIENCIA(DATA, HORARIO, IBOPE) VALUES (TO_DATE('2019/06/07', 'YYYY/MM/DD'), '19:03:00', 5.4);
INSERT INTO AUDIENCIA(DATA, HORARIO, IBOPE) VALUES (TO_DATE('2019/06/07', 'YYYY/MM/DD'), '19:04:00', 5.6);
INSERT INTO AUDIENCIA(DATA, HORARIO, IBOPE) VALUES (TO_DATE('2019/06/07', 'YYYY/MM/DD'), '19:05:00', 5.6);
INSERT INTO AUDIENCIA(DATA, HORARIO, IBOPE) VALUES (TO_DATE('2019/06/07', 'YYYY/MM/DD'), '19:06:00', 6);
INSERT INTO AUDIENCIA(DATA, HORARIO, IBOPE) VALUES (TO_DATE('2019/06/07', 'YYYY/MM/DD'), '19:07:00', 5.9);
INSERT INTO AUDIENCIA(DATA, HORARIO, IBOPE) VALUES (TO_DATE('2019/06/07', 'YYYY/MM/DD'), '19:10:00', 5.1);
INSERT INTO AUDIENCIA(DATA, HORARIO, IBOPE) VALUES (TO_DATE('2019/06/08', 'YYYY/MM/DD'), '19:00:00', 5.5);
INSERT INTO AUDIENCIA(DATA, HORARIO, IBOPE) VALUES (TO_DATE('2019/06/08', 'YYYY/MM/DD'), '19:06:00', 10);
INSERT INTO AUDIENCIA(DATA, HORARIO, IBOPE) VALUES (TO_DATE('2019/06/08', 'YYYY/MM/DD'), '19:12:00', 15);

INSERT INTO PROPAGANDA(CNPJ, NOMEPROPAGANDA, DURACAO, VALOR) VALUES ('65.834.899/0001-93', 'Coca-cola 2019 Janeiro-Março', 1, 250.89);
INSERT INTO PROPAGANDA(CNPJ, NOMEPROPAGANDA, DURACAO, VALOR) VALUES ('65.834.899/0001-93', 'Coca-cola 2019 Abril', 1, 250.89);
INSERT INTO PROPAGANDA(CNPJ, NOMEPROPAGANDA, DURACAO, VALOR) VALUES ('65.834.899/0001-93', 'Coca-cola 2019 Maio', 1, 250.89);
INSERT INTO PROPAGANDA(CNPJ, NOMEPROPAGANDA, DURACAO, VALOR) VALUES ('65.834.899/0001-93', 'Coca-cola 2019 Junho', 1, 300.89);
INSERT INTO PROPAGANDA(CNPJ, NOMEPROPAGANDA, DURACAO, VALOR) VALUES ('04.705.850/0001-46', 'Padaria Alfa', NULL, 120);
INSERT INTO PROPAGANDA(CNPJ, NOMEPROPAGANDA, DURACAO, VALOR) VALUES ('01.392.897/0001-09', 'Detergente é YPÊ Maio', 1, 500.80);
INSERT INTO PROPAGANDA(CNPJ, NOMEPROPAGANDA, DURACAO, VALOR) VALUES ('01.392.897/0001-09', 'Detergente é YPÊ Junho', 1, NULL);

INSERT INTO PROPAGANDASEXIBIDAS(CNPJ, NOMEPROPAGANDA, EPISODIO, NROBLOCO, HORARIO) VALUES ('65.834.899/0001-93', 'Coca-cola 2019 Maio', TO_DATE('2019/06/07', 'YYYY/MM/DD'), 1, '19:08:00');
INSERT INTO PROPAGANDASEXIBIDAS(CNPJ, NOMEPROPAGANDA, EPISODIO, NROBLOCO, HORARIO) VALUES ('65.834.899/0001-93', 'Coca-cola 2019 Maio', TO_DATE('2019/06/07', 'YYYY/MM/DD'), 2, '19:12:00');
INSERT INTO PROPAGANDASEXIBIDAS(CNPJ, NOMEPROPAGANDA, EPISODIO, NROBLOCO, HORARIO) VALUES ('04.705.850/0001-46', 'Padaria Alfa', TO_DATE('2019/06/08', 'YYYY/MM/DD'), 1, '19:10:00');
INSERT INTO PROPAGANDASEXIBIDAS(CNPJ, NOMEPROPAGANDA, EPISODIO, NROBLOCO, HORARIO) VALUES ('01.392.897/0001-09', 'Detergente é YPÊ Maio', TO_DATE('2019/06/08', 'YYYY/MM/DD'), 2, '19:20:00');

INSERT INTO EQUIPESDEESTUDIO(EPISODIO, AGENTEESTUDIO) VALUES (TO_DATE('2019/06/07', 'YYYY/MM/DD'),'955.437.188-88');
INSERT INTO EQUIPESDEESTUDIO(EPISODIO, AGENTEESTUDIO) VALUES (TO_DATE('2019/06/07', 'YYYY/MM/DD'),'172.230.383-22');
INSERT INTO EQUIPESDEESTUDIO(EPISODIO, AGENTEESTUDIO) VALUES (TO_DATE('2019/06/07', 'YYYY/MM/DD'),'875.325.819-34');
INSERT INTO EQUIPESDEESTUDIO(EPISODIO, AGENTEESTUDIO) VALUES (TO_DATE('2019/06/08', 'YYYY/MM/DD'),'955.437.188-88');
INSERT INTO EQUIPESDEESTUDIO(EPISODIO, AGENTEESTUDIO) VALUES (TO_DATE('2019/06/08', 'YYYY/MM/DD'),'172.230.383-22');
INSERT INTO EQUIPESDEESTUDIO(EPISODIO, AGENTEESTUDIO) VALUES (TO_DATE('2019/06/08', 'YYYY/MM/DD'),'875.325.819-34');